company,location,title,post_date,url,full_desc,seniority_level,employment_type,job_function,industries,search_role,search_city
Booz Allen Hamilton,"Honolulu, HI","Construction Project Risk Analyst, Mid",2020-09-24,https://www.linkedin.com/jobs/view/construction-project-risk-analyst-mid-at-booz-allen-hamilton-2151242906?refId=97c44c94-b5ac-4175-97b4-8922ff7c2747&position=1&pageNum=0&trk=public_jobs_job-result-card_result-card_full-click,"Job Number: R0091283Construction Project Risk Analyst, MidKey RoleIdentify, analyze, track, record, and provide guidance with respect to actions to manage and mitigate risks. Assist with the review of program and project risks during the planning and design stages of project development. Review the program and project risks during the construction stage of project execution. Coordinate with the program and project teams and stakeholders to facilitate the identification of risks and develop and maintain a sense of ownership and responsibility for the risks and associated risk response actions. Guide efforts to identify project risks using brainstorming sessions, interview experienced project participants and subject matter experts, and perform root cause analysis. Develop risk identification checklists based on historical information and knowledge that has been accumulated from similar previous programs, projects, and from other sources of information.Basic Qualifications2 years of experience with risk identification, analysis, and management for construction projects and programsKnowledge of analytical methods and techniques as they relate to risks, including maintenance of a risk registerAbility to guide, motivate, and coordinate the work of professionals in a matrix organization in which there are multiple reporting relationshipsAbility to use and apply Microsoft Office, including Word, Excel, PowerPoint, and Outlook toolsAbility to use PrimaveraAbility to obtain a security clearanceHS diploma or GEDAdditional QualificationsExperience in working with NAVFAC or USACEBA or BS degreeClearanceApplicants selected will be subject to a security investigation and may need to meet eligibility requirements for access to classified information.We’re an EOE that empowers our people—no matter their race, color, religion, sex, gender identity, sexual orientation, national origin, disability, veteran status, or other protected characteristic—to fearlessly drive change.Show moreShow less 
",Associate,Full-time,"Finance, Sales","Information Technology and Services, Defense & Space, Computer Software",Risk Analyst,"Honolulu, Hawaii"
American Savings Bank,"Honolulu, HI",Information Security Risk Analyst,2020-08-01,https://www.linkedin.com/jobs/view/information-security-risk-analyst-at-american-savings-bank-1993564383?refId=97c44c94-b5ac-4175-97b4-8922ff7c2747&position=2&pageNum=0&trk=public_jobs_job-result-card_result-card_full-click,"About American Savings BankAmerican Savings Bank (ASB) has been serving Hawaii’s businesses and communities since 1925 and currently provides a full range of financial products and services, including business and consumer banking, home loans, insurance and investments. ASB is one of Hawaii’s leading financial institutions, with e-banking services and branch locations throughout the state offering evening, weekend and holiday hours. ASB provides Hawaii’s consumers and businesses with more extended weekday and weekend hours than other similarly sized local banks, as well as convenient in-store branches. ASB was the first Hawaii bank to introduce remote-deposit capture with a mobile banking application.ASB matches its exceptional customer experience with an employee experience that has garnered local and national awards. ASB has been recognized locally as one of the “Best Places to Work” by Hawaii Business Magazine for 11 consecutive years and honored nationally as one of the “Best Banks to Work For” by American Banker Magazine. Fortune Magazine has recognized ASB as one of the 100 Best Workplaces for Women and 50 Best Workplaces for Diversity. For more than 95 years, ASB has been helping build strong communities. Through its Seeds of Service program, ASB teammates have contributed more than 63,000 hours of volunteer service, and ASB has donated millions of dollars to Hawaii’s nonprofits and community organizations. For more information, visit https://www.asbhawaii.com/ or follow American Savings Bank on Facebook, Instagram and LinkedIn.Primary Purpose Of JobSupports the company’s information security program to ensure that information security standards, practices, & controls are in place to adequately mitigate risk to the bank. Enables proactive, comprehensive, and consistent technology and information-related risk management practices across the bank.Major Job Accountabilities Provide support for security-related FFIEC, and SOC 2 compliance controls and audit systems, services, and processes to verify adherence to company security policies and procedures. Assist with maintaining and reporting on the bank’s security posture that leverage and align to industry frameworks (e.g. NIST, CIS CSC, etc.). Regularly analyze program/project status, risk management reports, and results from risk assessments and tests of controls. Develop and maintain IT Security policies and procedures. Maintain and enhance the IT Security Awareness initiative at the bank. (Bank-wide/departmental information security training, articles/posters, desktop exercises, etc.).  Maintain current knowledge of evolving information security risks, cyber security, new and evolving trends with mitigation tools and changes to security regulations affecting financial institutions. Education RequirementsFour-year college degree majoring in Computer Science or other related fields, or equivalent combination of work experience and education.Experience Required Two (2) years of direct work experience in developing information security programs and assessing effectiveness of such programs, preferably within a financial services organization. Two (2) years of working knowledge of security frameworks and general areas of Information Security.  Required Skills Or Training Demonstrate understanding of a broad range of Security Frameworks and standards such as PCI, NIST, ISO 2700 series, etc. Knowledge of the SOX, Federal Financial Institutions Examination Council (FFIEC) and section 501(b) of the Gramm-Leach-Bliley Act is a plus. Knowledge of networking, operating systems, platforms, client/server, web applications, and general information security technologies is a plus. Demonstrates strong interpersonal, verbal, and writing skills to effectively communicate to a diverse audience. Demonstrates in-depth analytical skills, including the ability to consolidate broad data sets from multiple sources, both internal and external, to identify patterns and/or risk factors. Able to build and maintain relationships across diverse technical and non-technical teams. Must be self-motivated with a strong willingness to learn in a hands-on learning environment. Critical thinker with the ability to research, develop and communicate IT risks and controls. Professional Certifications, Licenses, And/or Registration RequirementsMust hold one or more of the following information security certifications (or must be obtained within 12 months of hire: (ISC)2 CISSP or CCSP; ISACA CISA, CISM, or CRISC; CompTIA Security+.EOE, including disability/veteransShow moreShow less 
",Associate,Full-time,Information Technology,"Banking, Insurance, Financial Services",Risk Analyst,"Honolulu, Hawaii"
Bayer,"Kunia, HI",Data Analyst Co-Op,2020-08-20,https://www.linkedin.com/jobs/view/data-analyst-co-op-at-bayer-1991127672?refId=97c44c94-b5ac-4175-97b4-8922ff7c2747&position=3&pageNum=0&trk=public_jobs_job-result-card_result-card_full-click,"In Bayer’s Crop Science division, we shape agriculture through breakthrough innovation that helps to nourish our growing world, preserve natural resources and deliver better solutions for all farmers. Using the creative spark that comes from human ingenuity, we seek to deliver world-class innovation, set new standards in sustainability, and drive our digital transformation. Our products include high-performance seeds & traits, crop protection solutions, and digital farming tools.Your Tasks And ResponsibilitiesThe primary responsibilities of this role, Data Analyst Co-Op, are to:Identify all field nursery operation data points being collected;Identify significant field nursery operation data points that need to be collected to enable data driven decisions and data points that no longer need to be collected;Create alternative data collection solutions to improve effectiveness and efficiency of our data collection;Create a platform for automated summarization of field nursery operations, leveraging internal data visualization platforms to enable real-time management decisions.Who You AreYour success will be driven by your demonstration of our LIFE values. More specifically related to this position, Bayer seeks an incumbent who possesses the following:Required Qualifications:Currently enrolled in an undergraduate degree program at a four-year accredited US based institution with plans to return to your program following the assignment;Ability to communicate complex ideas in a clear, precise and actionable manner;Demonstrated problem solving, planning, time management and critical thinking skills;Detail and results-orientated with the ability to work independently;Ability to actively engage with internal partners to align strategies and success measures in analytics;Ability to interact with team members at various levels in a professional manner, contribute ideas, and seek resolution to issues that may arise;Valid driver’s license;Able to work 10-40 hours per week if interning during the semester;Able to work 40 hours per week if interning during the summer.Preferred Qualifications:Currently enrolled in an undergraduate degree program in Computer Science;Knowledge and experience with programming languages such as Python, R, SQL, Java and etc.Your applicationBayer offers a wide variety of competitive compensation and benefits programs. If you meet the requirements of this unique opportunity, and you have the ""Passion to Innovate"" and the ""Power to Change"", we encourage you to apply now. To all recruitment agencies: Bayer does not accept unsolicited third party resumes.Bayer is an Equal Opportunity Employer/Disabled/VeteransBayer is committed to providing access and reasonable accommodations in its application process for individuals with disabilities and encourages applicants with disabilities to request any needed accommodation(s) using the contact information below.Show moreShow less 
",Associate,Full-time,Research,"Chemicals, Pharmaceuticals, Biotechnology",Risk Analyst,"Honolulu, Hawaii"
Smartronix LLC,"Honolulu County, HI",Senior Financial Analyst,2020-09-30,https://www.linkedin.com/jobs/view/senior-financial-analyst-at-smartronix-llc-2010926073?refId=97c44c94-b5ac-4175-97b4-8922ff7c2747&position=4&pageNum=0&trk=public_jobs_job-result-card_result-card_full-click,"Who we areSmartronix is a U.S. based, highly regarded information technology (IT) and engineering solutions provider specializing in Cloud Solutions, Cyber Security, Systems Integration, Worldwide C5ISR and Data Analytics, and Mission-Focused Engineering. Founded in 1995 and headquartered in Maryland, Smartronix has more than 10 operating offices with approximately 800 employees at strategic locations worldwide. Across today's demanding and ever-changing technology and warfare landscapes, we continue to provide innovative, secure, and agile solutions that transform and modernize operations and contribute to our national security and well-being.Who Are Our Employees?Our employees are encouraged to think big and collaborate every day. We ensure that each employee is not only aware of our strategic vision; they are a part of it. This is because we know that our employees are critical components to the company’s ever-growing success. Committed to ensuring the highest levels of customer satisfaction, Smartronix is structured around the programs and technologies we support to provide optimal and seamless operations. Due to our talented workforce, we have maintained a reputation for excellence, helping to assure the missions of our Department of Defense, Public Sector, Fortune 1000, and other Government and commercial customers.Who We Are Looking ForThe Sr Financial Analyst demonstrates deep expertise in contract financial management. They lead and administer overall budget preparation/estimating and tracking expenditures against large complex contracts and or programs.  They are key members of the program management team and works directly with the Program Manager in defining the Contracts goals and objectives; and leads recommended actions to improve financial progress and performance. They have significant interface with the Program Manager, senior technical staff on the contract, as well as other functional organizations including Contracts, Subcontracts, Finance, Accounts Receivable, and Procurement. They will interface, provide direct analysis and or lead financial discussions with external clients such as the Contracting Officer and the Contracting Officer Representative. They oversee and manage work assignments of a team of Financial Analyst(s). They may serve as career manager for direct reports. What To Expect Lead the financial management of multiple complex TDL(s) by providing cost, schedule and funding planning, reporting, monitoring and analysis support to the Program Manager. This includes developing Work Breakdown Structures (WBS), Basis of Estimates (BOEs) and development of time-phased budgets and schedules.Lead contract set up in compliance with contractual terms, conditions and requirements.Prepare overall Contract financial Estimates at Complete (EAC) and meet deadlines for submission requirements.Identify Contract risks, profit improvement opportunities and analytical analysis in working resolution with PM, Contracts, Procurement and Finance/Accounting.Review and assess all contract modifications. Advise the program management team of impacts as necessary.Monitor overall costs and manpower ensuring that actuals are within CLIN ceiling, CLIN budget and charged correctly.Perform analytical review and arithmetic checks of contract level cost reporting documentation.Prepare accurate and complete contract variance analysis and reporting.Lead the development of Internal Program Review (IPR) presentations for management.Prepare financial Contract Data Requirements (CDRL) for programs. Ensure contractual requirements are met and customer financial deliverables are accurate and on time.Perform ad-hoc financial analysis on the contract as requested by PMO and others.Monitor funding status, providing reliable and timely notification of funding status by line item detail as required.Support accounts receivable as required during the billing processing. Monitor billing status and unbilled issues, working with Finance, Contracts, Accounting and PMO to resolve issues in a timely manner.Prepare subcontractor and vendor accruals as services/goods are received in accordance with GAAP and internal policies to ensure that the project’s cost/commitment is accurately captured and reported internally and externally.Ensure program revenue and profit is recorded in compliance with the EAC.Analyze profit risks and opportunities and advise management on the optimal path forward.Ensure adherence to Generally Accepted Accounting Principles (GAAP), Sarbanes-Oxley, FAR and all company policies and procedures as they related to contract performance and financials.May serve as a career manager for direct reports. If serving as a career manager tasking may include time sheet approval/review, providing candid feedback concerning performance, preparing annual assessment(s), and growing and developing skillset of their staff. Required Experience﻿10 years’ experience with project cost control, or financial management and contract interpretation, budget development, including financial data, analysis, and reconciliation of estimations verses actuals.Knowledge of all contract types and execution methods.Experience and Knowledge with Joint Travel Regulations (JTR) rules and guidelines.Experience with Microsoft Office Suite, including Excel, PowerPoint, Word, SharePoint.Clearable, if required based on contractual requirementBA or BS Degree is desired.Cost Point Experience highly desired.*Smartronix is committed to hiring and retaining a diverse workforce. All qualified candidates will receive consideration for employment without regard to disability, protected veteran status, race, color, religious creed, national origin, citizenship, marital status, sex, sexual orientation/gender identity, age, or genetic information. Selected applicant will be subject to a background investigation. Smartronix is an Equal Opportunity/Affirmative Action employer. Show moreShow less 
",Mid-Senior level,Full-time,Finance,Information Technology and Services,Risk Analyst,"Honolulu, Hawaii"
HMSA,"Honolulu, HI",Senior Data Analyst (Special Investigations Unit) -Honolulu,2020-09-22,https://www.linkedin.com/jobs/view/senior-data-analyst-special-investigations-unit-honolulu-at-hmsa-2187676070?refId=97c44c94-b5ac-4175-97b4-8922ff7c2747&position=5&pageNum=0&trk=public_jobs_job-result-card_result-card_full-click,"SIU Reporting: * Create and generate monthly, quarterly and annual reports using data tools, queries and programming to meet the requirements of Management, the Association, Federal, State and other regulatory entity technical specifications for Fraud, Waste, and Abuse reporting. Produce, analyze and present ad hoc reports for internal and external investigators. Provide quality control, critical thinking and problem solving to produce accurate, timely and formal reporting on behalf of the Special Investigations Unit and HMSA. SIU Operations: * Manage provider exclusion lists and respond to exclusion inquiries. Prepare and present analyses and summaries for proactive FWA cases. Manage data requests and analysis for FWA incidents. Generate, analyze and formalize responses for law enforcement, federal, state and management upon request; present as applicable.Document and present methodology used to generate data and reportingSupport SIU audits through process documentation and data requestsSIU Data Integrity: * Manage the overall data for Fraud, Waste and Abuse and provide quality control to case data managed by SIUSuggest and implement opportunities to improve data integrity, reporting and analysis for the Special Investigations UnitMaintenance and Evaluation of Data Analysis Tools and SIU Tracking Systems: * Provide oversight and perform maintenance of the various technology tools used by Special Investigations Unit to generate reporting and perform data analysisThis includes maintenance of FWA allegation and case management system as well as other tools that may be incorporated into SIU's daily work processesWork collaboratively with SIU staff and outside vendors to address data or system issues that may ariseAssess and evaluate new tools and products, participate in the implementation of new technology/ tools to combat fraud, waste and abuse, and coordinate efforts to master, test and apply the new technologyOther Duties/Functions: * Perform all other miscellaneous responsibilities and duties as assigned or directedBachelor's degree and three years of related work experience; or an equivalent combination of education and related work experienceStrong oral and written communication skillsFundamental awareness of Fraud, Waste and AbuseKnowledge of health care industry trendsKnowledge of basic relevant statistical analysesProficiency in issues identification and data collection, analysis, and interpretationBasic knowledge of Microsoft Office applicationsFull-timeShow moreShow less 
",Mid-Senior level,Full-time,Information Technology,Computer Software,Risk Analyst,"Honolulu, Hawaii"
Smartronix,"Kapolei, HI",Senior Financial Analyst,2020-08-25,https://www.linkedin.com/jobs/view/senior-financial-analyst-at-smartronix-2008152043?refId=97c44c94-b5ac-4175-97b4-8922ff7c2747&position=6&pageNum=0&trk=public_jobs_job-result-card_result-card_full-click,"Who We AreSmartronix, LLC is an information technology and engineering solutions provider specializing in Cloud Computing, Cyber Security, Health IT, Network Operations, and Mission-Focused Engineering. Smartronix, LLC a Premier Amazon Web Services Consulting Partner and Gold Microsoft partner. Today Smartronix serves Fortune 1000 Financial, Healthcare, and government agencies and other regulated markets worldwide in delivery of Cloud Services.Who Are Our Employees?At Smartronix, LLC it is all about our employees! Our employees are encouraged to think big and collaborate every day. We ensure that each employee is not only aware of our strategic vision; they are a part of it. This is because we know that our employees are critical components to the company’s ever-growing success. Our employees support the full life cycle from client needs analysis, through design, build migration and go live. They are continually assessing emerging products and services that improve the business of the clients we serve.Who We Are Looking ForThe Sr Financial Analyst demonstrates deep expertise in contract financial management. They lead and administer overall budget preparation/estimating and tracking expenditures against large complex contracts and or programs. They are key members of the program management team and works directly with the Program Manager in defining the Contracts goals and objectives; and leads recommended actions to improve financial progress and performance. They have significant interface with the Program Manager, senior technical staff on the contract, as well as other functional organizations including Contracts, Subcontracts, Finance, Accounts Receivable, and Procurement. They will interface, provide direct analysis and or lead financial discussions with external clients such as the Contracting Officer and the Contracting Officer Representative. They oversee and manage work assignments of a team of Financial Analyst(s). They may serve as career manager for direct reports.What To Expect Lead the financial management of multiple complex TDL(s) by providing cost, schedule and funding planning, reporting, monitoring and analysis support to the Program Manager. This includes developing Work Breakdown Structures (WBS), Basis of Estimates (BOEs) and development of time-phased budgets and schedules. Lead contract set up in compliance with contractual terms, conditions and requirements. Prepare overall Contract financial Estimates at Complete (EAC) and meet deadlines for submission requirements. Identify Contract risks, profit improvement opportunities and analytical analysis in working resolution with PM, Contracts, Procurement and Finance/Accounting. Review and assess all contract modifications. Advise the program management team of impacts as necessary. Monitor overall costs and manpower ensuring that actuals are within CLIN ceiling, CLIN budget and charged correctly. Perform analytical review and arithmetic checks of contract level cost reporting documentation. Prepare accurate and complete contract variance analysis and reporting. Lead the development of Internal Program Review (IPR) presentations for management. Prepare financial Contract Data Requirements (CDRL) for programs. Ensure contractual requirements are met and customer financial deliverables are accurate and on time. Perform ad-hoc financial analysis on the contract as requested by PMO and others. Monitor funding status, providing reliable and timely notification of funding status by line item detail as required. Support accounts receivable as required during the billing processing. Monitor billing status and unbilled issues, working with Finance, Contracts, Accounting and PMO to resolve issues in a timely manner. Prepare subcontractor and vendor accruals as services/goods are received in accordance with GAAP and internal policies to ensure that the project’s cost/commitment is accurately captured and reported internally and externally. Ensure program revenue and profit is recorded in compliance with the EAC. Analyze profit risks and opportunities and advise management on the optimal path forward. Ensure adherence to Generally Accepted Accounting Principles (GAAP), Sarbanes-Oxley, FAR and all company policies and procedures as they related to contract performance and financials. May serve as a career manager for direct reports. If serving as a career manager tasking may include time sheet approval/review, providing candid feedback concerning performance, preparing annual assessment(s), and growing and developing skillset of their staff.  Required Skills Ability to collect and analyze data from multiple sources and identify, research and solve financial problems and program risks. Ability to manage work and those of junior staff. Prioritize workload in a fast-paced environment and handle a high volume of work. Ability to build relationships across functional teams and internal Business Partners. Possession of excellent oral and written communication skills. Possession of excellent data management, problem solving and critical thinking skills. Possession excellent organizational skills. Required ExperienceWhat You Need To Succeed 10 years’ experience with project cost control, or financial management and contract interpretation, budget development, including financial data, analysis, and reconciliation of estimations verses actuals. Knowledge of all contract types and execution methods. Experience and Knowledge with Joint Travel Regulations (JTR) rules and guidelines. Experience with Microsoft Office Suite, including Excel, PowerPoint, Word, SharePoint. Clearable, if required based on contractual requirement BA or BS Degree is desired. Cost Point Experience highly desired. Smartronix is proud to be an equal opportunity employer. M/F/V/DShow moreShow less 
",Associate,Full-time,"Finance, Sales","Information Technology and Services, Defense & Space, Computer Software",Risk Analyst,"Honolulu, Hawaii"
AlohaCare,"Honolulu, HI",Financial Analyst,2020-09-26,https://www.linkedin.com/jobs/view/financial-analyst-at-alohacare-2150805183?refId=97c44c94-b5ac-4175-97b4-8922ff7c2747&position=7&pageNum=0&trk=public_jobs_job-result-card_result-card_full-click,"Position Summary: Support AlohaCare’s finance department in the retrieval, analysis and reporting on data to assist management in making well informed financial decisions. Conducts ad hoc analyses, prepares reports and presents information. Primary Duties & Responsibilities:Designs and develops database queries, extracts data from databases and analyzes the data using a variety of analytical techniques. Prepares accurate reports and presents findings.Performs utilization analysis utilizing data from different sources and reports results.Provides data and analytical support for department and organizational initiatives.Maintains medical and drug utilization dashboardManage and monitor monthly inpatient expense report.Manage and calculate Medicare broker commissions. Responsible for maintaining an accurate record of payments and preparing monthly payments and reports.Analyzes and interprets Medicaid & Medicare encounter data to identify potential issues and trends.Coordinates with other department and performs the correction of encounter data rejections so that files may be resubmitted, error free.Monitors daily administrative duties of the encounter data process. This includes key point of contact with encounter application vendor regarding encounter processing, direct response to external and internal customers’ issues which may arise, ensuring resolution.Analyze, review, forecast and trend complex data from various sources.Balances key financial metrics, including claims to encounters and participates in rate setting effortsPrepare reports as needed.Performs other duties as assigned.Responsible to maintain AlohaCare’s confidential information in accordance with AlohaCare policies, and state and federal laws, rules and regulations regarding confidentiality. Employees have access to AlohaCare data based on the data classification assigned to this job title.Required Competencies & Qualifications:  Bachelor’s Degree with emphasis in computer science, information systems, mathematics, statistics, public health, health sciences, data analysis, accounting or health care administration2-3 years professional training or work experience which demonstrates the ability to perform the duties required for the position.Equivalent combination of education and experiencePrior experience using Access, SQL, Excel and other statistical/analytical tools.Knowledge of relational databases and structures.Strong analytical, critical thinking and problem solving skills.Experience with computer systems and software programs (e.g. SQL, reporting tools, Microsoft Office, and Stata/SAS/SPSS or equivalent statistical package).Excellent interpersonal skills and ability to work with cross functional teams.Ability to work independently with minimal supervision.Achieves results, builds trust, communicate effectively, detail-oriented, and customer and quality focused.Ability to multi-task, organize, adapt to changing priorities, and manage a diversity of high priority projects in a fast-paced environment.Strong work ethic with a positive, can-do attitudeRequires operation of general office equipment to include; PC, fax/copy machine and ACD Mitel Phones.Advanced skill using Microsoft Programs; Word, Excel, Access, PowerPoint and Outlook Qualifications:3-5 years related experience or equivalent.Health care industry experience within managed care, hospital, medical office or equivalent preferred.Physical Demands/Working Conditions: Inside working conditions.No environmental hazards.Sedentary Work: Exerting up to 20 pounds of force occasionally and/or a negligible amount of force frequently or constantly to lift, carry, push, pull, or otherwise move objects. Sedentary work involves sitting most of the time, but may involve walking or standing for brief periods of time. Jobs are sedentary if walking and standing are required only occasionally and all other sedentary criteria are met. AlohaCare is committed to providing equal employment opportunity to all applicants in accordance with sound practices and federal and state laws. Our policy prohibits discrimination and harassment because of race, color, religion, sex (including gender identity or expression), pregnancy, age, national origin, ancestry, marital status, arrest and court record), disability, genetic information, sexual orientation, domestic or sexual violence victim status, credit history, citizenship status, military/veterans status, or other characteristics protected under applicable state and federal laws, regulations, and/or executive orders.Show moreShow less 
",Associate,Full-time,"Finance, Accounting/Auditing, Strategy/Planning","Insurance, Nonprofit Organization Management, Mental Health Care",Risk Analyst,"Honolulu, Hawaii"
Falcon IT & Staffing Solutions,"Fort Shafter, HI",Financial Analyst,2020-10-06,https://www.linkedin.com/jobs/view/financial-analyst-at-falcon-it-staffing-solutions-2191213226?refId=97c44c94-b5ac-4175-97b4-8922ff7c2747&position=8&pageNum=0&trk=public_jobs_job-result-card_result-card_full-click,"Falcon IT is currently seeking a Financial Analyst to work with our client in Honolulu, HI (Fort Shafter). This is a long term opportunity supporting the United States Army.*** Must have an Active Secret Clearance to be eligible *** Details:Performs analysis of budgets and schedules needed to meet contractual requirements. Prepares reports of findings and recommendations to management. Develops and implements fiscal operating policies and procedures. Develops, maintains, and establishes operational specifications for financial information systems considering such things as information flow, volume, and document format. Monitors progress completion and billing. Reconciles monthly bill summaries provided from project managers to time entered in work orders to ensure billing completeness and accuracy.Responsibilities: • Provide program support – Financial• Monitor financial analytics and metrics results• Support collection of performance metrics and report results• Review TO cost data, conduct analysis with projections and update projected cost and forecasting• Analyze financial and historical data to project future trends• Develop financial reports for forecasting and trending Basic Required Qualifications and Skills: It is required that the Business Intelligence Analysis have the qualifications and certifications listed below: • Demonstrate excellent oral, written, and analytical communication skills.• Strong analytical and problem- solving abilities.• Excellent interpersonal skills with the ability to work as part of a team.• Self-starting with strong attention to detail.• Strong experience interfacing with General Officers and other Senior leadership. • Please note that pursuant to a government contract, this specific position requires U.S. Citizenship. • All applicants must have active DoD SECRET eligibility day one and prior to entry on duty. ﻿Desired Qualifications and Skills:It is desirable that the candidate has the following qualifications:• ITIL Foundation Level certification• 1-2 Years of relevant experience performing financial analysis of TO, cost control and reporting.• A relevant educational degree in one of the follow fields: Statistics, Business Administration, Finance, Accounting, Data Analytics, Mathematics Show moreShow less 
",Associate,Full-time,"Finance, Sales, Purchasing","Information Technology and Services, Government Administration",Risk Analyst,"Honolulu, Hawaii"
Hawaii Gas,"Honolulu, HI",Financial Analyst,2020-10-02,https://www.linkedin.com/jobs/view/financial-analyst-at-hawaii-gas-2187137409?refId=97c44c94-b5ac-4175-97b4-8922ff7c2747&position=9&pageNum=0&trk=public_jobs_job-result-card_result-card_full-click,"The Financial Analyst position includes responsibilities related to analyzing and assessing the overall financial condition of Hawaii Gas and presenting the results of that analysis to Management in order to drive change and improvement in the organization. This position also includes the creation and maintenance of standard monthly, quarterly and annual templates to facilitate the analysis (using budget, actual and last best estimate (LBE) indicators). Areas of analysis include operating expenses, capital expenditures, contribution margin, and other special projects on an ad hoc basis.Essential Functions/ResponsibilitiesOperating ExpensesPrepare monthly reports comparing actual operating expenses to budget and LBEInteract significantly with cost center leaders to identify, understand and document significant variances between actual/budget/LBEProvide timely analysis to management on key areas of concern/opportunity related to operating expensesAssist in preparation of annual budgets for operating expenses for all cost centersCapital ExpendituresPrepare monthly reports tracking key activities in capital related projectsWork with other finance team members and cost center leaders to determine progress of capital projects compared to budgetAssist with preparation and tracking of capital expenditure approval documentationAssist in preparation of annual budgets related to capital expenditures for the companyContribution Margin AnalysisPrepare monthly analysis of volume/revenue/COGS comparing actuals to budget and LBEInvestigate significant trends/variances in components of contribution marginInteract significantly with sales and procurement to understand variances in revenue and COGSOther/Ad Hoc AnalysisAssist with special projects and other ad hoc financial analysisMaintains assigned work area and equipment in a clean, safe and orderly manner. Performs housekeeping duties as needed or be able to delegate to others as needed.Other Functions/ResponsibilitiesPerforms all other related duties as instructed by supervisor/manager.Job QualificationsRequired Education and/or Work Experience:Bachelor’s degree in Accounting or Finance or equivalent combination of related experience and education.Excellent working knowledge and experience with Microsoft suite of tools, specifically, Excel, Access, and Power Point; Great Plains; and other financial software programs and applications.Ability to meet deadlines, juggle multiple demands and work with all types of individuals up to and including the CEO.Communication/Competency/Skill RequirementsExcellent written and oral communication skills.Excellent time management and organizational skills.Ability to equally train, give and receive instructions.Attention to detail (e.g., organization, prioritization, proofing).We are proud to be an EEO/Females/Minorities/Veterans/Disabled employerWe maintain a drug-free workplace and perform pre-employment substance testingQualified applications with criminal history will be considered for employmentShow moreShow less 
",Entry level,Full-time,"Finance, Sales","Construction, Oil & Energy, Financial Services",Risk Analyst,"Honolulu, Hawaii"
Robert Half,"Honolulu, HI",Financial Analyst,2020-09-13,https://www.linkedin.com/jobs/view/financial-analyst-at-robert-half-2161216579?refId=97c44c94-b5ac-4175-97b4-8922ff7c2747&position=10&pageNum=0&trk=public_jobs_job-result-card_result-card_full-click,"DescriptionThe ideal candidate for this position is a Financial Analyst with effective communication skills. Do you enjoy working as part of a team? Skilled Financial Analyst candidates will be interested in this opportunity through Robert Half Finance to join a thriving Non-Profit company. Duties will consist of financial modeling on various financial products as well as measure, analyze, and forecast performance in conjunction with operating plans. You will also be required to advise management on the allocation of resources to best accomplish objectives and prepare reports for management. If you enjoy collaborating with peers in areas such as forecasting, performance reporting, and expense management, Robert Half Finance has an exciting business partner role available. This Financial Analyst role, which is located in the Honolulu, Hawaii, is a full-time employment opportunity. Responsibilities - Analyze performance to date and assess potential risks and opportunities - Deliver effective Business Intelligence (BI) to provide valuable foresight and decision support - Drive monthly reporting to business partners on financial results and actions required - Drive Area/Segment-level Bookings on a weekly, quarterly and annual basis, as well as P&L forecasting - Work closely with cross functional partners in Accounting and Operations to execute against plans - Complete and direct forecasting reports - Collaborate with senior executives on strategic deep dives on creating financial models and insights on topics such as: Retention forecasts, event tracking and execution, Campaign Planning & Tracking, return on investment of strategic investments, and strategic resource allocation, and prioritization - Collaborate with the Accounting team on the monthly and quarterly financial close process - Understand and be able to explain internal and external drivers impacting performance and trending - An ideal candidate should be highly flexible, comfortable with large amounts of information, and adept at managing expectations - Track of monthly and quarterly performance by comparing actuals versus expectations to ensure business partners handle their resources rRequirements BA/BS degree in finance or a related field - Spreadsheet and ERP system experience is ideal, but not required - Background in problem solving through statistical analysis or with large data sets highly valued (such as in derivatives, structured finance, or business analytics or in a similarly demanding and analytical role) - Able to build and deliver effective presentations to audiences with wide-ranging backgrounds - Excellent verbal and written communication skills - 5+ years of experience in problem solving through statistical analysis or with large data sets highly preferable (such as in derivatives, structured finance, or business analytics or in a similarly demanding and analytical role) - Annual Operating Budget experience - Strong familiarity with budget management - Well-founded grasp of grant accounting - Proven knowledge of Annual Reports - General familiarity with GAAP Accounting - Aging Reports experience highly desired - Comprehensive knowledge of Annual Budget - Analysis experience preferred - Experience with financial data management processes & systems, e.g. Oracle/Hyperion/SAP Business Objects/SFDC/Tableau- Financial planning & analysis (go-to-market experience recommended) - Eager problem-solver who listens for customer cues and actively resolves problems with grace and integrityRobert Half Finance & Accounting matches skilled finance and accounting professionals in the areas of accounting, bookkeeping, finance, audit, taxation and more on a full-time basis. Our personalized approach, innovative matching technology and global network with local market expertise help you find the legal opportunities that match your skills and priorities — fast. By working with us, you have access to challenging opportunities, competitive compensation and benefits, and training to enhance your skill sets.From philanthropy to environmental stewardship to employee programs, Robert Half is proud to have an active role in the communities in which we live and work. Our company has appeared on FORTUNE’s “Most Admired Companies” list every year since 1998.Download our mobile app to take your job search on the go!Contact your local office at 888.490.5461 or visit www.roberthalf.com/jobs/finance to apply for this job now or find out more about other job opportunities.All applicants applying for U.S. job openings must be authorized to work in the United States. All applicants applying for Canadian job openings must be authorized to work in Canada.© 2020 Robert Half Finance & Accounting. An Equal Opportunity Employer M/F/Disability/Veterans.Show moreShow less 
",Entry level,Full-time,"Finance, Sales","Construction, Staffing and Recruiting, Financial Services",Risk Analyst,"Honolulu, Hawaii"
HawaiiUSA Federal Credit Union,"Honolulu, HI",Senior Bank Secrecy Act (BSA) Analyst,2020-10-08,https://www.linkedin.com/jobs/view/senior-bank-secrecy-act-bsa-analyst-at-hawaiiusa-federal-credit-union-2172530925?refId=97c44c94-b5ac-4175-97b4-8922ff7c2747&position=11&pageNum=0&trk=public_jobs_job-result-card_result-card_full-click,"HawaiiUSA Federal Credit Union is currently seeking a seasoned, team-oriented Senior Bank Secrecy Act (BSA) Analyst to join our Enterprise Risk Management Team. As the Sr. BSA Analyst, you will be responsible for the monitoring, coordination, and completion of Bank Secrecy Act and related anti-money laundering (including OFAC, CIP, FinCEN) compliance functions in the credit union, as well as managing and maintaining high risk members and OFAC review at the enterprise level. The role stays informed of current regulatory and legislative trends and issues as it applies to job responsibilities and applies such knowledge into completing daily and periodic tasks in timely and accurate manner with minimal supervision.  In addition, provides BSA and related technical knowledge assistance to the various business units and provides additional research and training support to the BSA/AML Manager, and serves as the system administrator for BSA applications   The ideal candidate will have:   Two-year associate’s degree or equivalent experience preferred    Three to five years performing Bank Secrecy Act or related functions    Working knowledge of financial institution laws, regulations, and industry practices.    One or more compliance certifications (e.g., Certified Anti-Money Laundering Specialist (CAMS), Certified Regulatory Compliance Manager (CRCM), CUNA Bank Secrecy Act Compliance Specialist (BSACS), NAFCU Certified Compliance Officer (NCCO), NAFCU Certified Bank Secrecy Officer (NCBSO), etc.) preferred.   Experience with BSA systems e.g. Patriot Officer   Strong critical thinking skills    Ability to train staff in BSA and other regulatory compliance matters.    Ability to meet deadlines with attention to detail.    Ability to work both independently and cohesively with others, fosters team environment.    Ability to maintain confidentiality on all matters.    Strong analytical and problem-solving skills.    Ability to maintain confidentiality on all matters.    Strong relationship and collaboration skills.    Strong objective judgment and ability to perform comprehensive analysis.    Ability to work independently and with discretion on assignments and projects.     Ability to effectively prioritize and execute tasks in a high-pressure environment.    Ability to excel in a team-oriented, collaborative environment.    Ability to communicate effectively both verbally and in writing with internal and external parties at all levels.Show moreShow less 
",Associate,Full-time,"Finance, Sales","Financial Services, Banking",Risk Analyst,"Honolulu, Hawaii"
Remedy Intelligent Staffing,"Honolulu, HI",Data Analyst,2020-09-23,https://www.linkedin.com/jobs/view/data-analyst-at-remedy-intelligent-staffing-2190119457?refId=97c44c94-b5ac-4175-97b4-8922ff7c2747&position=12&pageNum=0&trk=public_jobs_job-result-card_result-card_full-click,"DescriptionLarge local company in Honolulu seeking a Data Analyst.Job Duties Receive and gather information via documents or drawings from operational groups Accurately enter data collected Works with field operations, engineers, and other groups to ensure accuracy of data Review and validate data information to ensure compliance with company quality assurance and quality control standards Research and resolve identified variances Job Qualifications Experience in SAP preferred Experience with data analytics Bachelor’s degree in Engineering or a related field preferred MUST RESIDE ON OAHU Pay: Up to $30 per hour, depending on experienceApply online now for immediate consideration!Show moreShow less 
",Entry level,Full-time,Information Technology,"Construction, Automotive, Staffing and Recruiting",Risk Analyst,"Honolulu, Hawaii"
Maverick Trading,"Honolulu, HI",Foreign Currency Trader,2020-09-25,https://www.linkedin.com/jobs/view/foreign-currency-trader-at-maverick-trading-2174881517?refId=97c44c94-b5ac-4175-97b4-8922ff7c2747&position=13&pageNum=0&trk=public_jobs_job-result-card_result-card_full-click,"About Maverick Trading FX DivisionAs one of the best proprietary Forex trading firms in the industry, Maverick FX offers its traders impressive capital and leverage, comprehensive training, and extensive support and mentoring. We teach our traders how to trade in the Forex market. Maverick FXs capital base, training, and reputation has allowed us to partner with the top currency trading broker to offer our traders tighter spreads and better execution than the typical retail Forex firm. The Forex market is open 23-1/2 hours a day, five days a week. This time horizon allows the firm to offer its traders flexible hours and the ability to start part-time and transition into full-time trading. Prop forex trading is a mentally engaging, challenging profession where diligence and consistency translate directly into financial reward. In other words, this is truly meaningful work. The firms traders have the opportunity to practice their craft from anywhere in the world via high-speed internet. Started in 1997, Maverick Trading is one of the most experienced prop trading firms and is ranked as one of the top trading companies in the industry, accepting and funding experienced traders as well as teaching motivated people from all backgrounds how to become traders. The firms Maverick FX Division has been actively trading the Forex markets since 2009. As a result of a long track record of success, the firm has the capital to back and fund its traders with meaningful amounts of capital. Each trader starts live trading with a minimum of a $10,000 account ($500,000 in buying power) and keeps 70% to 80% of trading profits. As you gain experience and demonstrate consistent profitability you become eligible for greater amounts of the firms capital.RequirementsIdeal applicants should have math/finance/business backgrounds (or comparable skills). Trading or investing experience is a plus, however diligence and a commitment to master the firms trading methodology and risk management guidelines outweigh background and experience.How To ApplyOur application process is multi-step and designed to educate you on prop trading, how we train, support and fund our traders, and how we pay out profits to you, as well as focus you for your interview where you can have any remaining questions answered and discuss with your recruiter why Maverick FX is a good fit for you. To get started, click on the Apply Now button at the top of this page. This will take you to a short video that will discuss Maverick FX and its Capital Sharing Program (how you get funded and paid). When you complete the application process, you will be contacted by one of our experienced recruiters (who are also traders themselves) for a Suitability Interview. If youre interested in trading the markets at a professional level, whether part-time, full-time, or in a transitional or supplementary income capacity, it pays to start with one of the best prop trading firms in the industry. We look forward to speaking with you and exploring if youll be the next great trader to join us.The Maverick FX Team Related Keywords: work from home, no-experience required, finance, financial, risk manager, analyst, banking, investment, technical, project, team leader, university, college, economics, markets, account manager, advisor, software, psychology, money, currencies, Forex, FX, futures, stocks, stock market, options, stock options, WFH, purchasing, sales, data, career change, math, statistics, Series 7, Series 56, Series 57, Series 65This is a 1099/contractor opportunity and there are capital requirements to tradeShow moreShow less 
",Associate,Full-time,"Finance, Sales","Capital Markets, Financial Services, Investment Management",Risk Analyst,"Honolulu, Hawaii"
Bank of Hawaii,"Honolulu, HI",Trust Operations Financial Analyst,2020-09-12,https://www.linkedin.com/jobs/view/trust-operations-financial-analyst-at-bank-of-hawaii-2168484773?refId=97c44c94-b5ac-4175-97b4-8922ff7c2747&position=14&pageNum=0&trk=public_jobs_job-result-card_result-card_full-click,"Job DescriptionBank of HawaiiIn 1897, Bank of Hawaii was the first chartered and incorporated bank in the Republic of Hawaii. We've been here from territorial days, growing and changing with Hawaii. Today, we are the largest independent bank in Hawaii a result of knowing our business and community, and always staying ahead of change. We are constantly finding creative ways to deliver leading edge financial services to our customers. Now, we are embracing change with our new 21st century banking.Its our people who help us succeed in offering first class service and products to our customers. As a member of the Bank of Hawaii community, you will be among the very best in your profession in an environment that places a high value on integrity, innovation and teamwork. People who are agile, savvy, forward-thinking and entrepreneurial can learn and grow with us.Does this sound like you?Are you ambitious? Want to make a difference in people's lives? Do you thrive in an environment that leverages your abilities as a fast learner, good listener, and problem-solver? If you love challenges, relish complexity, and have moxie, consider applying your unique talents with a Hawaii banking leader Bank of Hawaii. Here you can be at the forefront of whatever you do. Welcome to your tomorrow!A day in your life as a Trust Operations Financial AnalystUnder the direction of the Section Manager and/or Supervisor, this position is responsible for certain month end closing procedures, financial and statistical reporting variances and trend analysis for the Trust Services Group. Additionally, services should meet the quality expectations of our customers in accordance with and in support of department and division activities and objectives. Assists in business units compliance with applicable laws, regulations, regulatory requirements and Bank policies and procedures, including but not limited to those related to Fair Banking, Anti-Money Laundering laws and regulations, Bank Secrecy Act and USA PATRIOT Act.We'll give you these important responsibilities Ensures that the month end closing processing, financial and statistical reports, and analysis that the section is responsible for are produced in a timely and accurate manner. Keeps abreast of regulatory reporting requirements, accounting and financial reporting requirements, and communicates any new pronouncements and changes to the staff and management.  Prepares and analyzes calendared reports for Federal Financial Institutions Examination Council (FFIEC), Securities and Exchange Commission (SEC), and other agencies. Completes various memos, reports, balancing functions, and internal and external correspondence, as appropriate. Tracks delinquencies and works with the appropriate Trust Officers for resolution. Reviews documentation for requirements and compliance. Responds to internal and external auditors, vendors, financial institutions, and agencies, requests verbally and in writing.  Assists in establishing & updating policies and procedures relative to the department's function; coordinates activities of the department to ensure established goals and objectives are met. Attends ongoing training and maintains and develops personal and technical skills relative to the position.  Communicates and works with other departments (at all levels), internal and external customers, and technical support staff to ensure uninterrupted work flow and that services are delivered timely, accurately and reliably.  May serve as back-up to the Supervisors and other staff in the department in certain areas of responsibility.  Performs and coordinates special projects as required. Conducts research and analysis, recommends alternatives, designs, develops and tests task plans, and ensures implementation.  Assists with managing or monitoring operations to ensure service level quality standards and deadlines are met, ensures proper operational policies and procedures are followed, controls exercised, and errors corrected.  Prepares schedules requested by regulatory auditors (e.g. Federal Deposit Insurance Commission (FDIC), Federal Reserve Bank (FRB)) and external auditor (e.g. Ernst and Young).  Performs all other miscellaneous responsibilities and duties as assigned.…if You Come To Us With These Qualifications…Education: Bachelor’s degree in Accounting or related Financial discipline from an accredited institution or relevant work experience. Experience: Over 5 years Public Accounting experience and/or accounting experience in Private Industry. CPA preferred, not required.  Technical skills: Demonstrated proficiency and expertise with personal computers and Microsoft applications (Outlook, Word, Excel, and PowerPoint) or similar software. Knowledge of or ability to use Bank software and systems. Proficiency in Microsoft Word and SQL. Ability to expand on computer tools required for research and analysis. Other Job Qualifications: Demonstrated verbal and written communication skills. Must be analytical, detail oriented, organized. Possess strong analytical, quantitative, and problem solving skills to identify business and process improvement opportunities and risks, implement procedural change, and establish internal controls. Strong project management and organizational skills required to execute and complete projects on-time. Ability to simultaneously manage multiple projects and assignments with varying deadlines. Effective interpersonal skills and collaborative management style to include teamwork, team building, conflict management, negotiating and problem solving skills. Able to work flexible hours including holidays, weekends and evenings as needed or assigned.Show moreShow less 
",Entry level,Full-time,"Finance, Sales","Banking, Financial Services",Risk Analyst,"Honolulu, Hawaii"
American Savings Bank,"Honolulu, HI",Marketing Data Analyst,2020-09-19,https://www.linkedin.com/jobs/view/marketing-data-analyst-at-american-savings-bank-2148918306?refId=97c44c94-b5ac-4175-97b4-8922ff7c2747&position=15&pageNum=0&trk=public_jobs_job-result-card_result-card_full-click,"About American Savings BankAmerican Savings Bank (ASB) has been serving Hawaii’s businesses and communities since 1925 and currently provides a full range of financial products and services, including business and consumer banking, home loans, insurance and investments. ASB is one of Hawaii’s leading financial institutions, with e-banking services and branch locations throughout the state offering evening, weekend and holiday hours. ASB provides Hawaii’s consumers and businesses with more extended weekday and weekend hours than other similarly sized local banks, as well as convenient in-store branches. ASB was the first Hawaii bank to introduce remote-deposit capture with a mobile banking application.ASB matches its exceptional customer experience with an employee experience that has garnered local and national awards. ASB has been recognized locally as one of the “Best Places to Work” by Hawaii Business Magazine for 11 consecutive years and honored nationally as one of the “Best Banks to Work For” by American Banker Magazine. Fortune Magazine has recognized ASB as one of the 100 Best Workplaces for Women and 50 Best Workplaces for Diversity. For more than 95 years, ASB has been helping build strong communities. Through its Seeds of Service program, ASB teammates have contributed more than 63,000 hours of volunteer service, and ASB has donated millions of dollars to Hawaii’s nonprofits and community organizations. For more information, visit https://www.asbhawaii.com/ or follow American Savings Bank on Facebook, Instagram and LinkedIn.Primary Purpose Of JobSupports the Marketing and Customer Experience team by utilizing internal and external data to develop a comprehensive understanding of customer behaviors, financial needs, and channel preferences.Major Job Accountabilities Collaborates with business partners to support and strategize on campaigns and portfolio management. Documents business requirements in a detailed manner. Monitors, forecasts and analyzes performance of campaigns and portfolios. Designs, develops, and automates “easy to understand” reports and dashboards.  Summarizes and presents executive-level messaging. Responds independently to peer and executive level inquiries as required. Education RequirementsFour-year college degree majoring in Business or quantitative field. Master’s degree is a plus.Experience Required Two (2) to three (3) years of experience working with SQL or similar database management tools. Two (2) to three (3) years of hands-on experience working in data reporting and analysis. Required Skills Or Training Proficiency in Excel (VBA macros, pivots, and drop-down), PowerPoint and Word. Basic programming skills (if/then/else statements and/or while loop). Experience working with visualization tools (e.g., IBM Cognos). EOE, including disability/veteransShow moreShow less 
",Associate,Full-time,Information Technology,"Banking, Insurance, Financial Services",Risk Analyst,"Honolulu, Hawaii"
LMI,"Schofield Barracks, HI",Data Analyst - Top Secret w/ SCI Eligibility - Multiple Locations,2020-08-01,https://www.linkedin.com/jobs/view/data-analyst-top-secret-w-sci-eligibility-multiple-locations-at-lmi-1993582299?refId=97c44c94-b5ac-4175-97b4-8922ff7c2747&position=16&pageNum=0&trk=public_jobs_job-result-card_result-card_full-click,"OverviewLMI is a government consulting firm, dedicated to advancing the management of government. We operate free of political and commercial bias, and we gauge our success by the mission outcomes we enable our government clients to achieve. Our clients value our objectivity, deep government IQ, and expertise in logistics, analytics, information technology, and management consulting. We seek talented, hardworking people who share our passion for public service and want to join us in solving the most pressing challenges in government management.LMI is currently seeking an innovative, experienced, and highly-skilled Data Analyst to join our growing Advanced Analytics team. In this role, you will create and develop custom solutions for our users in a collaborative, fast-paced, state-of-the art environment. To be successful in this role, you will be thorough, creative, and exceptionally well-skilled in all phases of the development lifecycle, with a passion for continued learning and collaboration. This position is located in Schofield Barracks, Hawaii and requires an a  ctive TS with SCI eligibility clearance  *  Also looking for candidates in these locations: Charlottesville, Fort Bragg (NC), Fort Gordon (GA), Ft. Meade, Hawaii, San Antonio, Germany, Italy, South Korea Responsibilities Perform statistics, machine learning and analytic approaches to answer key intelligence questions, producing results and re-usable products that provide real value to Intelligence Analysts.  Work with analysts to interpret analytic results and refine analysis as needed.  Apply machine learning techniques to identify and transform data features, find hidden patterns and trends, build and optimize classifiers, create automated anomaly detection systems, and automate steps of the intelligence process.  Evaluate statistical models to determine the validity of analyses, implement evaluated models into production by collaborating with software developers, periodically re-evaluate and refine machine learning models being used in production.  Coordinate between Intelligence Analysts and Data Scientists to refine and implement models and monitor outcomes.  Collaborate with Data Scientists to develop processes and tools to monitor and analyze model performance and data accuracy.  Effectively c ommunicate results and ideas to key decision makers, analysts and other stakeholders and shall provide information regarding dataset applicability to the stakeholder’s mission and for the intelligence community.  Collaborate with Intelligence Analysts to understand needs and devise possible solutions.  Perform documentation of all processes, models and activities by developing, documents, and implement a configuration management plan for data sets. This plan shall be used to control changes due to stakeholder’s intelligence functional requirements.  Research latest data science tradecraft and technology.  Curate and collect the data from a variety of traditional and non-traditional sources: extract data from sources, transform and integrate data in line with existing data, and load data into data stores for access by others.  Languages, Tools, and Techniques  Demonstrated proficiency with R or Python, and SQL to manipulate data and draw insights from large and small data sets.  Demonstrated experience implementing a variety of supervised and unsupervised machine learning techniques (clustering, decision tree learning, artificial neural networks, etc.) and knowledge of their real-world advantages/drawbacks.  Demonstrated experience implementing statistical techniques and concepts (regression, properties of distributions, statistical tests and proper usage, etc.) and applications.  Demonstrated experience visualizing/presenting data for stakeholders.  Demonstrated experience with MS Office tools including Excel, PowerPoint, and Word.  Demonstrated experience with AWS, in particular products related to: analytics, compute, database, developer tools, and machine learning.  Skilled with data retrieval and storage, visualization and warehousing, and extract-transform-load (ETL) processes.  Knowledge of database solutions including SQL, NoSQL (e.g. MongoDB) and graph (e.g. Neo4j)  Knowledge of data visualization tools, such as D3.js, ggplot, Bokeh, etc.  Leadership, communications, and professional traits.  Ability to translate an intelligence problem into a Data Science problem, and to work with the Intelligence Analysts and ACE Chief to refine understanding of the problem. Qualifications Active TS/SCI clearance  BS in Data Science, Statistics, Applied Math, or related discipline or AA in Data Science, Statistics, Applied Math, or related discipline with 5 years of experience.  2 years of developing quantitative analysis products is desired.  5 years of intelligence analysis experience is desired.  Experience working with platforms such as Scala, Python, Java, R preferred  3+ years of related experience required  Advanced data analysis experience required  Significant experience with databases  Experience and familiarity with Agile-Scrum software development  Experience gathering and decomposing requirements  Proven record of solution development and deployment  Familiarity with web-based application development  Experience with testing, use case, and user stories  Outstanding communication skills, written and verbal  Highly-organized and able to manage multiple projects simultaneously  Team-player mentality with a positive attitude  Keen attention to detail and solid analytical skills  Able to articulate complex, abstract concepts concisely and effectively OptionsApply for this job online ApplyShareEmail this job to a friend ReferSorry the Share function is not working properly at this moment. Please refresh the page and try again later.Share on your newsfeedLMI is an Equal Opportunity Employer. LMI is committed to the fair treatment of all and to our policy of providing applicants and employees with equal employment opportunities. LMI recruits, hires, trains, and promotes people without regard to race, color, religion, sex (including pregnancy), sexual orientation, gender identity, age, national origin, disability, veteran status, or any other factors protected by applicable law.Need help finding the right job?We can recommend jobs specifically for you! Click here to get started.LMI is an Equal Opportunity Employer-all qualified applicants will receive consideration for employment without regard to race, color, religion, sex, sexual orientation, gender identity, or national origin.Show moreShow less 
",Entry level,Full-time,Information Technology,"Information Technology and Services, Computer Software, Financial Services",Risk Analyst,"Honolulu, Hawaii"
Scientific Research Corporation,"Kaneohe, HI",Cyber Security Analyst,2020-09-27,https://www.linkedin.com/jobs/view/cyber-security-analyst-at-scientific-research-corporation-2150859460?refId=97c44c94-b5ac-4175-97b4-8922ff7c2747&position=17&pageNum=0&trk=public_jobs_job-result-card_result-card_full-click,"Primary Duties & ResponsibilitiesCyber security analysts are responsible for identifying information security issues that may pose an immediate risk to an organization's business operations, customers, employees, suppliers, partners, or shareholders and alert them on real-time cybersecurity issues. The Cybersecurity Analyst will work with the USMC TCAC Cybersecurity team and USMC operational customers to address system security posture and implement policies, procedures and best practices. Main duties include supporting Continuous Monitoring of the TCAC Site Security Plan.Minimum Skills & Requirements  Five plus (5+) years direct information assurance/security analyst duties Certification in Security +  Experience performing continuous monitoring duties Ensure the identification of required security related issues, and that they are alerted upon by configuring and establishing monitoring, correlation, and alerting solutions Conduct vulnerability and exploitation scans to determine vulnerabilities and mitigations  Execute automated vulnerability scans using DoD approved software and protocols such as Tenable Nessus and SCAP; perform manual checks when needed Participate in the investigations being performed by the Information Security team Ensure all supported DoD computing systems are in compliance with applicable STIGs Develop and maintain the Plan of Actions & Milestones (POA&M); prepare Exemption Waivers and justification documentation when needed Upload and maintain cyber security documentation in supported RMF system (Xacta, MCAAS, etc) Support unit/organization ISSM in implementing security policies Participate in the process of selecting and reviewing of information security solutions Assist in compiling and producing reports on monthly issue and trend for the enhancement of the functions of the Information Security Team Make recommendations for changes to the environment that can help in the removal of vulnerabilities and reduction in the risk of exploitation that may result in potential incidents Participate in ensuring team processes and documentation are effectively documented and maintained Recommend and execute ideas to improve processes based on lessons learnt over time in performing assigned duties Carry out other enterprise security and support duties that may be assigned by management Desired Skills & Requirements Knowledge and understanding of the various ways attacks are carried out against a system or network and how to effectively detect them; specifically, as it applies to insider threat Possess analytical skills and strong ability to maintain calmness and being diplomatic under highly stressful situations Strong multitasking skills to be able to effectively manage multiple activities, including cross-team dependent activities simultaneously Strong ability to work effectively in collaboration with other members of a team or/and other professionals with minimal supervision Strong ability to quickly learn new processes and technologies, and to adapt to changes in sequences and timelines Strong communication skills, including written and verbal, and ability to work off hours when needed Experience with tactical military intelligence units and operations Experience with Linux Operating Systems Experience with MS Server Operating Systems Experience with networking devices Possess certifications in CEH, CISSP, and/or GIAC THIS POSITION REQUIRES AN ACTIVE DoD TOP SECRET / SCI / CI POLY CLEARANCEScientific Research Corporation is an advanced information technology engineering company that provides innovative products and services to government and private industry, as well as independent institutions. At the core of our capabilities is a seasoned team of highly skilled engineers and scientists with multidisciplinary backgrounds. This team is challenged daily to provide cutting edge technology solutions to our clients.Scientific Research Corporation offers a competitive salary, an extensive benefits package and a work environment that encourages excellence. Applicants selected will be subject to a government security investigation and must meet eligibility requirements for access to classified information.Scientific Research Corporation is an equal opportunity and affirmative action employer that does not discriminate in employment.All qualified applicants will receive consideration for employment without regard to their race, color, religion, sex, age, sexual orientation, gender identity, or national origin, disability or protected veteran status.[*MON #CJ]FILLING THIS POSITION IS CONTINGENT UPON FUNDINGShow moreShow less 
",Entry level,Full-time,Other,"Information Technology and Services, Defense & Space, Computer Software",Risk Analyst,"Honolulu, Hawaii"
ClearanceJobs,"Schofield Barracks, HI",Data Analyst - Top Secret w/ SCI Eligibility - Multiple Location with Security Clearance,2020-09-02,https://www.linkedin.com/jobs/view/data-analyst-top-secret-w-sci-eligibility-multiple-location-with-security-clearance-at-clearancejobs-2001228346?refId=97c44c94-b5ac-4175-97b4-8922ff7c2747&position=18&pageNum=0&trk=public_jobs_job-result-card_result-card_full-click,"Overview LMI is a government consulting firm, dedicated to advancing the management of government. We operate free of political and commercial bias, and we gauge our success by the mission outcomes we enable our government clients to achieve. Our clients value our objectivity, deep government IQ, and expertise in logistics, analytics, information technology, and management consulting. We seek talented, hardworking people who share our passion for public service and want to join us in solving the most pressing challenges in government management. LMI is currently seeking an innovative, experienced, and highly-skilled Data Analyst to join our growing Advanced Analytics team. In this role, you will create and develop custom solutions for our users in a collaborative, fast-paced, state-of-the art environment. To be successful in this role, you will be thorough, creative, and exceptionally well-skilled in all phases of the development lifecycle, with a passion for continued learning and collaboration.This position is located in Schofield Barracks, Hawaii and requires an a ctive TS with SCI eligibility clearance *Also looking for candidates in these locations: Charlottesville, Fort Bragg (NC), Fort Gordon (GA), Ft. Meade, Hawaii, San Antonio, Germany, Italy, South Korea ResponsibilitiesPerform statistics, machine learning and analytic approaches to answer key intelligence questions, producing results and re-usable products that provide real value to Intelligence Analysts.Work with analysts to interpret analytic results and refine analysis as needed.Apply machine learning techniques to identify and transform data features, find hidden patterns and trends, build and optimize classifiers, create automated anomaly detection systems, and automate steps of the intelligence process.Evaluate statistical models to determine the validity of analyses, implement evaluated models into production by collaborating with software developers, periodically re-evaluate and refine machine learning models being used in production.Coordinate between Intelligence Analysts and Data Scientists to refine and implement models and monitor outcomes.Collaborate with Data Scientists to develop processes and tools to monitor and analyze model performance and data accuracy.Effectively c ommunicate results and ideas to key decision makers, analysts and other stakeholders and shall provide information regarding dataset applicability to the stakeholder's mission and for the intelligence community.Collaborate with Intelligence Analysts to understand needs and devise possible solutions.Perform documentation of all processes, models and activities by developing, documents, and implement a configuration management plan for data sets. This plan shall be used to control changes due to stakeholder's intelligence functional requirements.Research latest data science tradecraft and technology.Curate and collect the data from a variety of traditional and non-traditional sources: extract data from sources, transform and integrate data in line with existing data, and load data into data stores for access by others. Languages, Tools, and TechniquesDemonstrated proficiency with R or Python, and SQL to manipulate data and draw insights from large and small data sets.Demonstrated experience implementing a variety of supervised and unsupervised machine learning techniques (clustering, decision tree learning, artificial neural networks, etc.) and knowledge of their real-world advantages/drawbacks.Demonstrated experience implementing statistical techniques and concepts (regression, properties of distributions, statistical tests and proper usage, etc.) and applications.Demonstrated experience visualizing/presenting data for stakeholders.Demonstrated experience with MS Office tools including Excel, PowerPoint, and Word.Demonstrated experience with AWS, in particular products related to: analytics, compute, database, developer tools, and machine learning.Skilled with data retrieval and storage, visualization and warehousing, and extract-transform-load (ETL) processes.Knowledge of database solutions including SQL, NoSQL (e.g. MongoDB) and graph (e.g. Neo4j)Knowledge of data visualization tools, such as D3.js, ggplot, Bokeh, etc.Leadership, communications, and professional traits.Ability to translate an intelligence problem into a Data Science problem, and to work with the Intelligence Analysts and ACE Chief to refine understanding of the problem. QualificationsActive TS/SCI clearanceBS in Data Science, Statistics, Applied Math, or related discipline or AA in Data Science, Statistics, Applied Math, or related discipline with 5 years of experience.2 years of developing quantitative analysis products is desired.5 years of intelligence analysis experience is desired.Experience working with platforms such as Scala, Python, Java, R preferred3+ years of related experience requiredAdvanced data analysis experience requiredSignificant experience with databasesExperience and familiarity with Agile-Scrum software developmentExperience gathering and decomposing requirementsProven record of solution development and deploymentFamiliarity with web-based application developmentExperience with testing, use case, and user storiesOutstanding communication skills, written and verbalHighly-organized and able to manage multiple projects simultaneouslyTeam-player mentality with a positive attitudeKeen attention to detail and solid analytical skillsAble to articulate complex, abstract concepts concisely and effectivelyShow moreShow less 
",Entry level,Full-time,Information Technology,"Restaurants, Financial Services, Hospitality",Risk Analyst,"Honolulu, Hawaii"
Falcon IT & Staffing Solutions,"Honolulu, HI",Financial Analyst,2020-10-06,https://www.linkedin.com/jobs/view/financial-analyst-at-falcon-it-staffing-solutions-2190937840?refId=97c44c94-b5ac-4175-97b4-8922ff7c2747&position=19&pageNum=0&trk=public_jobs_job-result-card_result-card_full-click,"Falcon IT is currently seeking a Financial Analyst to work with our client in Honolulu, HI (Fort Shafter). This is a long term opportunity supporting the United States Army. Must have an Active Secret Clearance to be eligible ***DetailsPerforms analysis of budgets and schedules needed to meet contractual requirements. Prepares reports of findings and recommendations to management. Develops and implements fiscal operating policies and procedures. Develops, maintains, and establishes operational specifications for financial information systems considering such things as information flow, volume, and document format. Monitors progress completion and billing. Reconciles monthly bill summaries provided from project managers to time entered in work orders to ensure billing completeness and accuracy.Responsibilities Provide program support - Financial Monitor financial analytics and metrics results Support collection of performance metrics and report results Review TO cost data, conduct analysis with projections and update projected cost and forecasting Analyze financial and historical data to project future trends Develop financial reports for forecasting and trendingBasic Required Qualifications And SkillsIt is required that the Business Intelligence Analysis have the qualifications and certifications listed below: Demonstrate excellent oral, written, and analytical communication skills. Strong analytical and problem- solving abilities. Excellent interpersonal skills with the ability to work as part of a team. Self-starting with strong attention to detail. Strong experience interfacing with General Officers and other Senior leadership. Please note that pursuant to a government contract, this specific position requires U.S. Citizenship. All applicants must have active DoD SECRET eligibility day one and prior to entry on duty.Desired Qualifications And SkillsIt is desirable that the candidate has the following qualifications: ITIL Foundation Level certification 1-2 Years of relevant experience performing financial analysis of TO, cost control and reporting. A relevant educational degree in one of the follow fields: Statistics, Business Administration, Finance, Accounting, Data Analytics, MathematicsShow moreShow less 
",Entry level,Full-time,"Finance, Sales","Information Technology and Services, Defense & Space, Computer Software",Risk Analyst,"Honolulu, Hawaii"
American Savings Bank,"Honolulu, HI",Enterprise Risk Manager,2020-09-08,https://www.linkedin.com/jobs/view/enterprise-risk-manager-at-american-savings-bank-2165557848?refId=97c44c94-b5ac-4175-97b4-8922ff7c2747&position=20&pageNum=0&trk=public_jobs_job-result-card_result-card_full-click,"About American Savings BankAmerican Savings Bank (ASB) has been serving Hawaii’s businesses and communities since 1925 and currently provides a full range of financial products and services, including business and consumer banking, home loans, insurance and investments. ASB is one of Hawaii’s leading financial institutions, with e-banking services and branch locations throughout the state offering evening, weekend and holiday hours. ASB provides Hawaii’s consumers and businesses with more extended weekday and weekend hours than other similarly sized local banks, as well as convenient in-store branches. ASB was the first Hawaii bank to introduce remote-deposit capture with a mobile banking application.ASB matches its exceptional customer experience with an employee experience that has garnered local and national awards. ASB has been recognized locally as one of the “Best Places to Work” by Hawaii Business Magazine for 11 consecutive years and honored nationally as one of the “Best Banks to Work For” by American Banker Magazine. Fortune Magazine has recognized ASB as one of the 100 Best Workplaces for Women and 50 Best Workplaces for Diversity. For more than 95 years, ASB has been helping build strong communities. Through its Seeds of Service program, ASB teammates have contributed more than 63,000 hours of volunteer service, and ASB has donated millions of dollars to Hawaii’s nonprofits and community organizations. For more information, visit https://www.asbhawaii.com/ or follow American Savings Bank on Facebook, Instagram and LinkedIn.Primary Purpose Of JobLeads efforts to implement process reengineering; serves as a resource throughout the Bank by providing coaching, direction and training on aspects of risk management, internal controls, and process development / redevelopment. Manages the company’s Sarbanes-Oxley program. Supports the model risk management framework and model validation assessment activities, particularly relating to models impacting non-credit risk.Major Job Accountabilities Maintains trusted, collaborative, relationships with organization management to promote an appropriate level of engagement in Enterprise Risk Management activities. Partners with and provides guidance and assistance to business unit management to:  Identify, evaluate, understand, manage, mitigate and communicate significant risks Prepare risk self-assessments, including analyzing processes, identifying gaps and creating action plans Evaluate, recommend and implement process design improvements to achieve greater efficiencies Develop solutions to capitalize on opportunities or to mitigate risks Build strong alliances to positively influence identification and resolution of significant risks and opportunities.  Provides risk management support and actively participates in major initiatives as appropriate, including projects, and significant system/process implementations. Develops and evaluates the market and operational risk profiles for the Enterprise Risk Management program Develops methods and models to measure and monitor market and operational risk Contributes to the development and annual planning for ERM activities, budgets and resources Provides support for the Company’s insurance program Supports enterprise risk reporting requirements for Executive Management and the Risk Committee of the Board  Creates and delivers presentations to Executive Management and the Board for risk reporting. Directs the Bank’s Sarbanes-Oxley compliance program: Serves as a liaison between Senior Management, business unit management, internal and external auditors Establishes and communicates the SOX Compliance Program’s position to external auditors with regard to methodology and approach  Oversees documentation and testing activities performed by Internal Audit  Performs the annual company level risk assessment. Supports the model validation and stress test evaluation processes Assists with validation of qualified models and evaluation of stress testing methods and assumptions  Provides guidance and training to model owners on model documentation and testing. Education RequirementsFour-year college degree majoring in Business Administation or other related fields, or equivalent combination of work experience and education.Experience Required Ten (10) years of work experience in general business or banking experience or related experience. Ten (10) years of work experience in or working knowledge of key banking functions, operational processes and internal control. Required Skills Or Training Demonstrated ability to identify, develop and implement efficient and effective processes. Working knowledge of information technology, particularly how systems and applications integrate with business processes and operations. Able to work independently and effectively multitask to manage and execute multiple complex projects within required timelines and expectations and amid a continuously changing environment. Strong written, verbal, presentation and interpersonal skills to effectively communicate with, positively influence, and partner effectively with various groups or individuals within the Bank. Demonstrated critical thinking, sound judgment and analytical skills. Energetic and positive with an inquisitive nature; resourceful and able to seek out information sources. Advanced PC/systems skills including proficiency with Microsoft Office tools. EOE, including disability/veteransShow moreShow less 
",Associate,Full-time,"Finance, Sales","Banking, Insurance, Financial Services",Risk Analyst,"Honolulu, Hawaii"
Scientific Research Corporation,"MCBH Kaneohe Bay, HI",Cyber Security Analyst,2020-07-18,https://www.linkedin.com/jobs/view/cyber-security-analyst-at-scientific-research-corporation-1981899232?refId=97c44c94-b5ac-4175-97b4-8922ff7c2747&position=21&pageNum=0&trk=public_jobs_job-result-card_result-card_full-click,"PRIMARY DUTIES & RESPONSIBILITIES:Cyber security analysts are responsible for identifying information security issues that may pose an immediate risk to an organization's business operations, customers, employees, suppliers, partners, or shareholders and alert them on real-time cybersecurity issues. The Cybersecurity Analyst will work with the USMC TCAC Cybersecurity team and USMC operational customers to address system security posture and implement policies, procedures and best practices. Main duties include supporting Continuous Monitoring of the TCAC Site Security Plan.  Show moreShow less 
",Entry level,Other,Other,"Information Technology and Services, Defense & Space, Computer Software",Risk Analyst,"Honolulu, Hawaii"
American Savings Bank,"Honolulu, HI",Credit Analyst,2020-10-09,https://www.linkedin.com/jobs/view/credit-analyst-at-american-savings-bank-2173732383?refId=97c44c94-b5ac-4175-97b4-8922ff7c2747&position=22&pageNum=0&trk=public_jobs_job-result-card_result-card_full-click,"About American Savings BankAmerican Savings Bank (ASB) has been serving Hawaii’s businesses and communities since 1925 and currently provides a full range of financial products and services, including business and consumer banking, home loans, insurance and investments. ASB is one of Hawaii’s leading financial institutions, with e-banking services and branch locations throughout the state offering evening, weekend and holiday hours. ASB provides Hawaii’s consumers and businesses with more extended weekday and weekend hours than other similarly sized local banks, as well as convenient in-store branches. ASB was the first Hawaii bank to introduce remote-deposit capture with a mobile banking application.ASB matches its exceptional customer experience with an employee experience that has garnered local and national awards. ASB has been recognized locally as one of the “Best Places to Work” by Hawaii Business Magazine for 11 consecutive years and honored nationally as one of the “Best Banks to Work For” by American Banker Magazine. Fortune Magazine has recognized ASB as one of the 100 Best Workplaces for Women and 50 Best Workplaces for Diversity. For more than 95 years, ASB has been helping build strong communities. Through its Seeds of Service program, ASB teammates have contributed more than 63,000 hours of volunteer service, and ASB has donated millions of dollars to Hawaii’s nonprofits and community organizations. For more information, visit https://www.asbhawaii.com/ or follow American Savings Bank on Facebook, Instagram and LinkedIn.Primary Purpose Of JobPerforms due diligence in the monitoring and maintenance of commercial customers. Prepares financial statements spreads, tax returns analysis, and covenant compliance checks for commercial customers.Major Job Accountabilities Prepares financial statement spreads and tax return analysis (business and individual). Updates covenant compliance checks, which track and document the customer's financial reporting and financial covenant requirements. Under guidance and supervision, completes low complexity credit write-ups for Bank customers in accordance with ASB credit policy, for the Bank's existing and new Commercial customers. Tracks the financial reporting and financial covenants of the Bank's Commercial & Commercial Real Estate customers using the Bank's tickler tracking system. Completes periodic reviews of the Bank's Commercial customers. Completes financial evaluation reviews for various departments. Education RequirementsFour-year college degree majoring in Accounting, Finance, Business Administration or related fieldExperience Required Zero (0) to one (1) years of work experience in Commercial Credit analysis or related experience Required Skills Or Training Basic understanding of accounting and financial analysis. Excellent written and verbal communication skills. Proficient in using Microsoft Office applications. EOE, including disability/veteransShow moreShow less 
",Entry level,Full-time,"Finance, Sales","Banking, Insurance, Financial Services",Risk Analyst,"Honolulu, Hawaii"
American Savings Bank,"Honolulu, HI",Business Credit Analyst,2020-09-22,https://www.linkedin.com/jobs/view/business-credit-analyst-at-american-savings-bank-2151043813?refId=97c44c94-b5ac-4175-97b4-8922ff7c2747&position=23&pageNum=0&trk=public_jobs_job-result-card_result-card_full-click,"About American Savings BankAmerican Savings Bank (ASB) has been serving Hawaii’s businesses and communities since 1925 and currently provides a full range of financial products and services, including business and consumer banking, home loans, insurance and investments. ASB is one of Hawaii’s leading financial institutions, with e-banking services and branch locations throughout the state offering evening, weekend and holiday hours. ASB provides Hawaii’s consumers and businesses with more extended weekday and weekend hours than other similarly sized local banks, as well as convenient in-store branches. ASB was the first Hawaii bank to introduce remote-deposit capture with a mobile banking application.ASB matches its exceptional customer experience with an employee experience that has garnered local and national awards. ASB has been recognized locally as one of the “Best Places to Work” by Hawaii Business Magazine for 11 consecutive years and honored nationally as one of the “Best Banks to Work For” by American Banker Magazine. Fortune Magazine has recognized ASB as one of the 100 Best Workplaces for Women and 50 Best Workplaces for Diversity. For more than 95 years, ASB has been helping build strong communities. Through its Seeds of Service program, ASB teammates have contributed more than 63,000 hours of volunteer service, and ASB has donated millions of dollars to Hawaii’s nonprofits and community organizations. For more information, visit https://www.asbhawaii.com/ or follow American Savings Bank on Facebook, Instagram and LinkedIn.Primary Purpose Of JobUses critical thinking and financial analysis to assess the credit risk associated with small business loan requests through the credit-scored process or through other underwriting processes designed for small business loans. Collaborates with branch teammates and relationship officers to develop and obtain information required to complete a thorough analysis of the request and complete the credit process.Major Job AccountabilitiesIdentifies and evaluates credit risks associated with new and existing small business clients in accordance with ASB credit policy & guidelines.Analyzes collateral to determine appropriate advance rates and loan terms.Uses business, personal, and global cash flow to calculate and analyze debt service coverage ratios.Collaborates with Business Relationship Managers and other relationship officers to obtain and discuss pertinent borrower and financial information to adequately mitigate identified risks.Maintains knowledge of and serves as the Bank resource to underwrite for specialized lending program processed in Business Banking including but not limited to SBA and lending to non-profits. Coordinates, packages and reviews all approvals of one or more specialized loans and the documentation to ensure compliance.Processes and evaluates the monthly renewals of credit-scored lines of credit.Independently or as directed by the Business Credit Manager, completes non-credit-scored requests by completing the analysis and credit approval memorandum in Credit Quest.Education RequirementsFour-year college degree majoring in Accounting, Finance, EconomicsExperience RequiredOne (1) to three (3) years of direct experience working with credit-scored loan origination systems, financial statement analysis, and small business underwriting.Required Skills Or TrainingDemonstrated understanding of business and personal tax returns, financial statements, accounting, and financial analysis.Demonstrated understanding of the various banking regulations related to commercial lending.Strong written and verbal communication skills to logically present credit risks and conclusions in verbal and written form.Strong computer skills using Microsoft Office software products.Proficient with financial statement spreading software; automated loan origination systems; and commercial underwriting software.Works independently under review of a supervisor or manager.EOE, including disability/veteransShow moreShow less 
",Entry level,Part-time,"Finance, Sales","Banking, Insurance, Financial Services",Risk Analyst,"Honolulu, Hawaii"
MBP (McDonough Bolyard Peck),"Honolulu, HI",Construction Office Engineer/Risk Analyst,2020-10-06,https://www.linkedin.com/jobs/view/construction-office-engineer-risk-analyst-at-mbp-mcdonough-bolyard-peck-2162399902?refId=97c44c94-b5ac-4175-97b4-8922ff7c2747&position=24&pageNum=0&trk=public_jobs_job-result-card_result-card_full-click,"MBP is seeking a Construction Office Engineer with risk analyst experience to support a multi-billion construction program in the Pacific on behalf of the Department of Defense.ResponsibilitiesReview the program and project risks during the planning, design, solicitation, construction, and activation stages of project development.Assist in developing and reviewing Risk Management Plan and Process revisions and updates.Develop risk identification checklists based on historical information and knowledge that has been accumulated from similar previous programs/projects and from other sources of information.Assist in the recording of identified risks in the appropriate program/project risk register to achieve an increasing level of awareness of risks over time.Utilize the risk register’s criteria for the combination of probability and impact to assign a classification of high risk, medium risk and low risk for assessed risks.Assist program and project managers to develop an effective plan to lessen the impact of the risk. Categorize risk by sources of risk, the area of the project affected, or other useful categories such as root causes.Apply techniques, such as variance and trend analysis, which require the use of performance information generated during program/project execution.Monitor and analyze risk trends, variances, and resolution of risk response actions.Recommend execution of contingencies and/or modifications, and support construction contract modification process as appropriate.Assist managing and integrating information (program data, project data, risk register, change requests, etc.) from various sources (SharePoint, NAVFAC eProjects, MS Projects, Project RECON, etc.).Assist and prepare, but not limited to, PowerPoints briefs, Business Case Analysis, Info Papers, Justification Papers, and reports for leadership level audience. Include correspondence, spreadsheets, reports and briefing slides reflecting results of analysis, proposal, or recommendation.QualificationsHave demonstrated recent experience/technical competence in similar scopes of work for risk identification, analysis and management for projects and programs.Demonstrate cost control, quality control and compliance with performance schedules.Have demonstrated the ability to apply analytical methods and techniques to risks.Have demonstrated the ability to lead and coordinate the work of other professionals in a matrix organization utilizing program management tools.Have demonstrated experience in the use and application of Microsoft Office (Word, Excel, Powerpoint, Outlook, etc.), Microsoft Access, SharePoint with the ability to adapt to new software. MBP is an EOE AA M/F/Vet/Disability Employer. Show moreShow less 
",Associate,Full-time,"Engineering, Consulting, Analyst","Construction, Civil Engineering, Mechanical or Industrial Engineering",Risk Analyst,"Honolulu, Hawaii"
